<?xml version="1.0" encoding="UTF-8" standalone="yes"?>
<addon id="plugin.video.teleseryi" name="Teleseryi" version="0.0.2" provider-name="acv914">
  <requires>
    <import addon="xbmc.python" version="2.1.0"/>
    <import addon="script.module.beautifulsoup" version="3.2.0"/>
  </requires>
  <extension point="xbmc.python.pluginsource" library="default.py">
        <provides>video</provides>
  </extension>
  <extension point="xbmc.addon.metadata">
    <summary lang="en">Kodi video add-on for Pinoy TV Shows and Movies</summary>
    <description lang="en">Kodi video add-on for Pinoy TV Shows and Movies</description>
    <disclaimer lang="en"></disclaimer>
    <platform>all</platform>
    <license></license>
    <forum></forum>
    <website></website>
    <email></email>
    <source></source>
  </extension>
</addon>
